artist,artist_mbid,album,album_mbid,track,track_mbid,timestamp,datetime,track_id,danceability,energy,speechiness,acousticness,instrumentalness,liveness,valence,tempo,duration,time_signature,key,loudness,mode
Drake,,If You're Reading This It's Too Late,26d2002d-cd52-4774-88f2-7ee6d4f53503,Used To,39d86716-fda0-4561-911e-0947716ed3ed,1697799657,2023-10-20 13:00:57,63p3Slj0shAFP0Q7dQetj5,0.926,0.427,0.105,0.0703,0.000337,0.0818,0.304,96.025,268480,4,10,-7.584,0
Drake,,If You're Reading This It's Too Late,26d2002d-cd52-4774-88f2-7ee6d4f53503,Wednesday Night Interlude,,1697799446,2023-10-20 12:57:26,6oLHyWvmk6bKrA91EIYZBp,0.312,0.466,0.0509,0.729,7.34e-06,0.215,0.195,135.44,212280,4,9,-8.163,0
Drake,,If You're Reading This It's Too Late,26d2002d-cd52-4774-88f2-7ee6d4f53503,Preach,,1697799209,2023-10-20 12:53:29,1OHoBC4icbuNhpSxP400sv,0.605,0.51,0.423,0.165,8.8e-05,0.104,0.389,65.255,236973,4,11,-8.094,0
Drake,,If You're Reading This It's Too Late,26d2002d-cd52-4774-88f2-7ee6d4f53503,Star67,45fac124-0dcd-46a4-a556-922613e0e8b7,1697798914,2023-10-20 12:48:34,2mmUoyPxzbxehpfm1TpTRK,0.521,0.392,0.17,0.747,8.81e-06,0.198,0.166,91.939,294973,4,3,-7.88,1
Drake,,If You're Reading This It's Too Late,26d2002d-cd52-4774-88f2-7ee6d4f53503,6 God,211b815c-dd05-4705-b7f7-546c2b896c10,1697798147,2023-10-20 12:35:47,3a8tAZFJxlmBwOtrf5L1oC,0.868,0.623,0.101,0.0249,0.0,0.125,0.498,105.446,180667,4,2,-8.595,1
Drake,,If You're Reading This It's Too Late,26d2002d-cd52-4774-88f2-7ee6d4f53503,Madonna,f5b3a2dd-8a9c-4924-8ab5-d0220f8ddc07,1697797969,2023-10-20 12:32:49,4v7SAP4KD96BFLWiCd1vF0,0.905,0.492,0.0595,0.0149,3.77e-05,0.371,0.142,110.017,177840,4,2,-8.598,1
Drake,,If You're Reading This It's Too Late,26d2002d-cd52-4774-88f2-7ee6d4f53503,No Tellin',017d0a3d-1099-42c4-9a36-bc1284a9c1cd,1697797658,2023-10-20 12:27:38,2durxb17bXcmQJHSt8JAdO,0.823,0.467,0.301,0.543,1.06e-06,0.135,0.618,95.026,310933,4,0,-10.394,0
Drake,,If You're Reading This It's Too Late,26d2002d-cd52-4774-88f2-7ee6d4f53503,Know Yourself,47da39e6-4447-4e66-a020-e05f3cb03fc4,1697797110,2023-10-20 12:18:30,5InOp6q2vvx0fShv3bzFLZ,0.72,0.412,0.223,0.196,0.0,0.342,0.179,114.408,275840,4,11,-8.687,0
Drake,,If You're Reading This It's Too Late,26d2002d-cd52-4774-88f2-7ee6d4f53503,10 Bands,07acd6dc-d643-43b6-a527-5a2b3f941360,1697796932,2023-10-20 12:15:32,12d5QFwzh60IIHlsSnAvps,0.825,0.756,0.383,0.265,2.15e-06,0.0762,0.888,172.938,177733,4,11,-3.687,0
Drake,,If You're Reading This It's Too Late,26d2002d-cd52-4774-88f2-7ee6d4f53503,Energy,de00182e-daf7-4780-b2f2-fa2b0032f4b7,1697796750,2023-10-20 12:12:30,79XrkTOfV1AqySNjVlygpW,0.747,0.571,0.478,0.38,0.0,0.534,0.553,172.104,181933,4,11,-7.916,1
Drake,,If You're Reading This It's Too Late,26d2002d-cd52-4774-88f2-7ee6d4f53503,Legend,3de31d49-94e4-4a9b-859e-109735681c7d,1697796509,2023-10-20 12:08:29,1ID1QFSNNxi0hiZCNcwjUC,0.714,0.563,0.0723,0.0266,0.0,0.0776,0.31,100.091,241853,4,1,-7.574,1
IDLES,be465d4f-c28d-4ba1-94ab-ebaada7db8af,Dancer,8e8b23ae-ec73-4d50-8e1f-28c85b686edc,Dancer,4a041989-3240-45c2-8b12-aa1cb1603266,1697796213,2023-10-20 12:03:33,2F7dO7OCqrxff66epaNPEU,0.601,0.851,0.0424,0.00798,2.84e-05,0.318,0.6,141.155,189493,4,3,-6.391,0
Chad VanGaalen,d5c5c11b-153d-4f28-9525-db5ec1bfe0ad,Soft Airplane,3e7f1846-7df8-3268-a5cd-d8b85e3c38a2,Bare Feet on Wet Griptape,557f5667-5da7-3c5d-8d24-abb6f1d8efa4,1697796062,2023-10-20 12:01:02,1hpdaYX1zGSof9WQV5K21t,0.643,0.914,0.0394,0.249,0.362,0.0948,0.673,130.386,150333,4,0,-6.079,1
The White Stripes,11ae9fbb-f3d7-4a47-936f-4c0a04d3b3b5,De Stijl,0b26887a-f293-3c3d-a53a-f3cc26d619a7,You're Pretty Good Looking (For a Girl),4a598e5a-a254-49b4-b29e-65288c8253ac,1697795952,2023-10-20 11:59:12,5OjQHOLMSzm9gkcIhtsgMO,0.475,0.855,0.0532,0.701,1.54e-05,0.0723,0.875,116.787,109720,1,11,-5.666,1
Plumtree,e68e96fa-e50d-4e0e-83bc-086bdef68634,Predicts the Future,7325b9ed-7214-4e31-95a5-f73c894453bc,Scott Pilgrim,4bc2866b-ef14-4730-b6e3-50f1b290c487,1697795634,2023-10-20 11:53:54,7L4AofQZoGr4mVrjB6MyfZ,0.522,0.798,0.0489,0.000941,0.000642,0.284,0.732,114.785,184387,4,4,-8.884,1
Plumtree,e68e96fa-e50d-4e0e-83bc-086bdef68634,Predicts the Future,7325b9ed-7214-4e31-95a5-f73c894453bc,Scott Pilgrim,4bc2866b-ef14-4730-b6e3-50f1b290c487,1697795507,2023-10-20 11:51:47,7L4AofQZoGr4mVrjB6MyfZ,0.522,0.798,0.0489,0.000941,0.000642,0.284,0.732,114.785,184387,4,4,-8.884,1
Sinéad O'Connor,c78a77fa-507c-4c07-947a-0355029453bd,Lion and the Cobra,,Mandinka,73a22d72-7995-4b3d-a184-75d82912acc2,1697795278,2023-10-20 11:47:58,4x4e63yL8r7tOFcZ0n6KHe,0.618,0.77,0.0404,0.0285,2.51e-06,0.0862,0.866,130.121,227653,4,9,-8.425,1
Fontaines D.C.,fd87acc7-e0a0-4a45-bc2a-d2ab5c10be68,Dogrel,25e2b050-d1b4-468f-b4fd-4948ca49eae4,Boys in the Better Land,22c08790-d101-4a94-b19b-862266abcae5,1697794978,2023-10-20 11:42:58,2dxXKqqpSV4eCgPxC6t8mn,0.39,0.972,0.0744,0.000287,2.32e-05,0.348,0.592,177.0,300116,4,9,-5.023,1
Squid,,Houseplants,,Houseplants,b61f1a03-4af9-431c-af9d-091d3248491e,1697794720,2023-10-20 11:38:40,5mWlyBpAyIpP1lI1AXjln4,0.37,0.968,0.106,0.00597,2.74e-05,0.162,0.452,165.52,258130,4,2,-4.84,1
America,34cf95c7-4be9-4efd-a48a-c2ea4a0bb114,Homecoming,11db89b1-2def-3b88-9a1e-86e0738af363,Ventura Highway,,1697794507,2023-10-20 11:35:07,4IU1RL4BKvFyXtbTwaHAvW,0.673,0.581,0.029,0.223,0.000206,0.063,0.818,130.771,211387,4,2,-10.205,1
The Waitresses,8acd46ce-3c10-402e-9ede-676b31c837cb,Wasn't Tomorrow Wonderful?,31276905-aa31-4b74-a7c4-bbed33777b97,I Know What Boys Like,a98100f5-0602-4f03-8368-d99ac9f2e758,1697794313,2023-10-20 11:31:53,7DHURI0yVkwwupVn9lKBrL,0.695,0.781,0.0918,0.122,0.0,0.0481,0.708,104.168,191213,4,11,-9.775,1
Jaco Pastorius,46a6fac0-2e14-4214-b08e-3bdb1cffa5aa,Jaco Pastorius,084cca4f-3746-4d49-b3af-d81d0917087b,"Come On, Come Over",08a745a7-4df7-4357-a663-12c797226155,1697793979,2023-10-20 11:26:19,4RflGBhUpxjrs2fMJD0QVX,0.688,0.72,0.0449,0.564,0.000744,0.0464,0.96,109.516,233200,4,7,-10.796,1
Wreckless Eric,b80f2162-c04e-400d-bc5f-124eacbd9fd2,Wreckless Eric,673bca55-8875-4dfd-9f0d-4f5b4f9ec37e,Whole Wide World,c066f686-53c3-4980-ba20-e65940eb02fd,1697793550,2023-10-20 11:19:10,4AHU8QRdwCUWxPC53cw4Hh,0.752,0.54,0.0768,0.561,0.000155,0.0919,0.882,114.217,172733,4,5,-8.986,1
The Unicorns,603c5f9f-492a-4f21-9d6f-1642a5dbea2d,Who Will Cut Our Hair When We're Gone? (Remastered),,Tuff Ghost,7ce8388e-71f9-4891-ad3f-536126833409,1697793313,2023-10-20 11:15:13,2lDYt2Xa9Ey3HXyOd59MZt,0.54,0.624,0.124,0.15,0.0333,0.0862,0.368,144.427,176993,4,9,-7.147,1
The Flaming Lips,1f43d76f-8edf-44f6-aaf1-b65f05ad9402,Yoshimi Battles the Pink Robots,0a3b65fb-b4dc-411c-b448-d89851ed7c12,"Yoshimi Battles The Pink Robots, Pt. 2",,1697793136,2023-10-20 11:12:16,1tCf9F4e0V7oIP7oPbm5rr,0.539,0.872,0.273,0.000702,0.583,0.711,0.424,180.037,177653,4,7,-5.627,1
The Flaming Lips,1f43d76f-8edf-44f6-aaf1-b65f05ad9402,Yoshimi Battles the Pink Robots,0a3b65fb-b4dc-411c-b448-d89851ed7c12,"Yoshimi Battles The Pink Robots, Pt. 2",,1697793021,2023-10-20 11:10:21,1tCf9F4e0V7oIP7oPbm5rr,0.539,0.872,0.273,0.000702,0.583,0.711,0.424,180.037,177653,4,7,-5.627,1
Electric Six,,Fire,493d4ea4-dfe1-4aa7-9140-e2ffb010b6c5,Danger! High Voltage - Soulchild Radio Mix,,1697792806,2023-10-20 11:06:46,2VHfyWLlvCvbkIqtS5tqt3,0.66,0.698,0.0302,1.92e-05,0.166,0.0517,0.511,123.005,214600,4,11,-4.722,0
Shuggie Otis,ff9542ca-7859-4db2-8796-c1e3c39b9c0a,Freedom Flight,1663cc2b-90a1-478b-930b-9398968800c7,Strawberry Letter 23,6e323cdc-52c5-4f91-9630-71f8ce6d4573,1697792566,2023-10-20 11:02:46,4W8IEREeLldaSQyGXcZQ2I,0.519,0.483,0.0277,0.139,0.000218,0.365,0.772,171.028,239907,4,9,-12.795,0
Tom Waits,,Bone Machine (2023 Remaster),,Goin' Out West - 2023 Remaster,,1697792366,2023-10-20 10:59:26,2scagq6TX4bKXQ5tXPXiqR,0.721,0.584,0.0986,0.75,0.402,0.209,0.54,129.464,199360,4,8,-13.753,1
ZelooperZ,47135429-ed7c-4b08-a30c-f0e66777ec47,Dyn-o-mite,b9e29567-e559-42b2-ae58-6d3c27b4ab5a,Easter Sunday,,1697792242,2023-10-20 10:57:22,5aDZOMeCa6VuKJSENFsuGx,0.38,0.723,0.34,0.0774,2.52e-06,0.92,0.804,143.285,122737,4,1,-9.608,0
Stereolab,f1df0431-9250-4ec8-95d8-f19ce7cf7fb6,Transient Random-Noise Bursts with Announcements,429686a7-c19d-4d25-8016-164212681cc8,Pack Yr Romantic Mind,f9178fef-6f4b-4c56-b4a1-6bbc2080c4d6,1697791935,2023-10-20 10:52:15,4CxKeyGN8tyBf04mYx4GgC,0.525,0.359,0.0274,0.026,0.769,0.0997,0.761,133.71,306133,4,7,-15.682,1
Mazzy Star,c48d4327-8122-4286-af66-05e1ee6ac4d8,She Hangs Brightly,20a7bedb-ff1e-3713-a55e-390f43180824,Halah,0250f677-0f67-4a15-806d-59cdcd18f626,1697791740,2023-10-20 10:49:00,6JuEshIRliNXRU1LXctRjZ,0.622,0.448,0.0265,0.23,0.0,0.102,0.553,106.085,196227,4,0,-10.709,1
Mick Harvey,633ec771-1192-4a63-9e19-2ee6a29d1d22,Two of Diamonds,39179293-13af-457b-86f8-5aa593cb280b,Out of Time Man,719d5152-8bdf-3cb5-8944-64b8d1ba9988,1697791561,2023-10-20 10:46:01,3nFoPHJR1BOSrTl6jKIl1a,0.464,0.648,0.0407,0.0942,0.000145,0.0878,0.607,133.998,177440,4,0,-8.401,1
Billy Woods,f30fea51-fa9c-4067-bc49-fc43236e89ba,Hiding Places,f6794b6d-85b2-4c81-92dc-da3fda5497c1,Spongebob,,1697791327,2023-10-20 10:42:07,1OPeLwCz1MqeRITVzNy2Qw,0.704,0.498,0.392,0.573,0.000295,0.108,0.286,112.307,232947,4,4,-11.719,0
Le Tigre,2d67239c-aa40-4ad5-a807-9052b66857a6,Le Tigre,233b7916-ae58-3278-9907-f3b591390651,Hot Topic,264930ed-1dc4-42cf-a7f7-54058a2b0229,1697791102,2023-10-20 10:38:22,4otN5ZboeohAAAXaGnLCIH,0.728,0.942,0.0885,0.00423,3.24e-06,0.146,0.785,132.99,224667,4,6,-4.036,0
The Jim Carroll Band,52a18067-8b97-4422-8360-e068864e1cd6,Catholic Boy,3ec97765-5716-42b4-b9c6-94a1c5bc7d1c,People Who Died,bdf274eb-5725-48f1-a4e2-659ba5ba7134,1697790802,2023-10-20 10:33:22,5mcaY65WhtzFk1TFRGY6kY,0.315,0.628,0.0725,0.0893,0.000663,0.109,0.931,190.668,299640,4,5,-11.904,0
Romeo Void,70693ef1-2d81-4b35-a483-bd78553db176,"Warm, In Your Coat",c2294dec-ac97-40c3-adbd-69ee351ed9c0,Never Say Never,64b4dd7e-d15a-4ff0-95ca-0b334deeba04,1697790448,2023-10-20 10:27:28,02RkunUrCBLE5J6jY56QH3,0.601,0.789,0.0611,0.000596,0.104,0.248,0.923,156.459,353667,4,4,-8.73,1
Agent Orange,,Living In Darkness (30th Anniversary Edition),,Bloodstains - Original version,,1697790334,2023-10-20 10:25:34,5E47rKJbS74jyLZaSgb0kS,0.494,0.923,0.182,0.0962,0.0,0.128,0.577,176.216,113240,4,10,-7.69,0
Fugazi,233fc3f3-6de2-465c-985e-e721dbabbace,Instrument Soundtrack,c2b99ec3-2761-4874-bd22-8890ef358119,I'm So Tired,83362178-55f7-49d4-b6a4-267e6f2664c7,1697790216,2023-10-20 10:23:36,6JgHKt0WwdwlXIht6M0mqa,0.328,0.13,0.0307,0.892,0.0129,0.122,0.169,78.454,118933,4,6,-15.094,1
Tobacco,7d3996ec-e9e9-41ec-8f4d-e336f64fc7c6,Fucked Up Friends,29c864e5-28ca-3c24-af4d-21d8066c799a,Street Trash,bdb0d62f-e95d-4515-88d0-e3a123de226c,1697790100,2023-10-20 10:21:40,6eomWKQ9Wv5K9oP4ueEqcX,0.255,0.775,0.0667,0.0528,0.42,0.181,0.529,176.25,115067,4,10,-4.799,0
Czarface,66120159-5fe7-4cdb-8c9a-7ac68e393c6f,Super What?,,Break in the Action,,1697789949,2023-10-20 10:19:09,2SfE58UZe7Y3TVjozT1fPC,0.531,0.672,0.305,0.693,0.0,0.791,0.548,96.271,149613,4,7,-7.341,1
Fiona Apple,a9ee533f-8871-4f62-a6bb-91eb264abc90,When the Pawn...,,Fast as You Can,c78bb401-f76b-43f9-8624-df693da59c54,1697789285,2023-10-20 10:08:05,1UmmSKPdCtBuJsmbZG9G3u,0.46,0.772,0.0444,0.131,0.0412,0.0527,0.531,138.002,278267,4,0,-9.233,1
JPEGMAFIA,,OFFLINE!,1fd3b168-2e39-4630-ad16-6329a2c2712a,THOT'S PRAYER - OG MIX,,1697789159,2023-10-20 10:05:59,7JxRr2baHFCCHsAfNxgJz4,0.579,0.711,0.0955,0.208,0.0,0.35,0.405,123.906,193976,4,11,-5.725,1
Eagles of Death Metal,de11b037-d880-40e0-8901-0397c768c457,Heart On,0bfb1ff1-a34f-4224-8e90-674aaaa8ad6a,Wannabe in L.A.,0d35ef31-005d-4b9f-b1c7-8dcb2a194432,1697789151,2023-10-20 10:05:51,3B7mbMbbcuKdfWssAcyvG8,0.638,0.945,0.0463,0.259,0.152,0.0931,0.966,158.341,135853,4,5,-3.949,0
JPEGMAFIA,,OFFLINE!,1fd3b168-2e39-4630-ad16-6329a2c2712a,WHAT KINDA RAPPIN' IS THIS? - OFFLINE,,1697787719,2023-10-20 09:41:59,3x1BtwpOBgsXVPHG6nSkpm,0.345,0.839,0.337,0.364,0.0174,0.0933,0.361,136.592,189422,4,1,-2.81,1
JPEGMAFIA,c42e60f4-4520-4954-b6e4-82bbdf532c11,OFFLINE!,1fd3b168-2e39-4630-ad16-6329a2c2712a,HAZARD DUTY PAY!,dd0451ee-a1a1-4a5c-b00f-a7fe8c006243,1697787545,2023-10-20 09:39:05,5dLz8bhINeCWgppiUIcafp,0.609,0.952,0.169,0.0387,0.0,0.182,0.556,121.707,157169,4,8,0.919,1
JPEGMAFIA,c42e60f4-4520-4954-b6e4-82bbdf532c11,SCARING THE HOES,,Where Ya Get Ya Coke From?,,1697787305,2023-10-20 09:35:05,6XITRM4V1hVSQXw62diAoj,0.529,0.923,0.434,0.164,0.0,0.397,0.739,102.046,177549,4,7,-4.424,1
JPEGMAFIA,c42e60f4-4520-4954-b6e4-82bbdf532c11,SCARING THE HOES,,HOE (Heaven on Earth),,1697787102,2023-10-20 09:31:42,4vL0V5MjU3Y1syYtajWW4f,0.473,0.79,0.361,0.402,1.3e-06,0.365,0.68,100.082,203468,3,11,-3.29,1
JPEGMAFIA,c42e60f4-4520-4954-b6e4-82bbdf532c11,SCARING THE HOES,,God Loves You,,1697786943,2023-10-20 09:29:03,7y2EELtWhCaDU9A0vOYVHv,0.453,0.976,0.466,0.011,0.0,0.745,0.684,124.948,148533,4,1,1.325,1
JPEGMAFIA,c42e60f4-4520-4954-b6e4-82bbdf532c11,SCARING THE HOES,,Kingdom Hearts Key (ft. redveil),adbe532a-1d91-485d-9fab-9d9b3a32a570,1697786737,2023-10-20 09:25:37,0VA5FzFlysCcSG1IdOkhUb,0.343,0.946,0.183,0.0722,0.0,0.321,0.357,135.647,205520,4,6,-1.383,1
JPEGMAFIA,c42e60f4-4520-4954-b6e4-82bbdf532c11,SCARING THE HOES,,Orange Juice Jones,,1697786595,2023-10-20 09:23:15,6kRjMNfcKqzZIM46JiIEgZ,0.609,0.938,0.271,0.395,0.0,0.644,0.888,150.469,140800,4,6,-0.171,1
JPEGMAFIA,c42e60f4-4520-4954-b6e4-82bbdf532c11,SCARING THE HOES,,Shut Yo Bitch Ass Up / Muddy Waters,,1697786421,2023-10-20 09:20:21,2eZuFG3KSALN1BowCuSB1A,0.471,0.939,0.396,0.0134,5.3e-06,0.359,0.724,88.117,174700,4,1,-3.456,1
JPEGMAFIA,c42e60f4-4520-4954-b6e4-82bbdf532c11,SCARING THE HOES,,Burfict!,,1697786280,2023-10-20 09:18:00,5IZpEuLMO5lEmN1Rr008p8,0.592,0.976,0.378,0.134,0.0,0.122,0.749,137.864,141031,4,4,2.383,1
JPEGMAFIA,c42e60f4-4520-4954-b6e4-82bbdf532c11,SCARING THE HOES,,Fentanyl Tester,,1697786057,2023-10-20 09:14:17,4pfhCrRk6P2tMU2D0Mb2z5,0.721,0.963,0.377,0.318,0.0,0.917,0.868,158.563,157410,4,0,0.551,1
JPEGMAFIA,c42e60f4-4520-4954-b6e4-82bbdf532c11,SCARING THE HOES,,Garbage Pale Kids,,1697785888,2023-10-20 09:11:28,73pz1RTwUBpKO286c9zhzT,0.635,0.964,0.349,0.131,0.0,0.128,0.734,78.454,168107,4,1,1.665,1
JPEGMAFIA,c42e60f4-4520-4954-b6e4-82bbdf532c11,SCARING THE HOES,,Scaring The Hoes,,1697785747,2023-10-20 09:09:07,5L0QxWi5Jo4gjw4yHR0kP1,0.552,0.996,0.103,0.244,2.8e-06,0.362,0.689,133.058,142842,4,7,2.343,1
Mike,,Burning Desire,7ead2023-6770-4368-bb0d-b6dea497b249,98,4c57c1ac-82d6-441e-834e-f9562d0accc2,1697741660,2023-10-19 20:54:20,77DxLMO5W3r9kspNtkIj6R,0.427,0.815,0.0638,0.0434,0.0,0.697,0.621,89.437,79754,4,7,-5.046,1
Mike,,Burning Desire,7ead2023-6770-4368-bb0d-b6dea497b249,Do you Believe?,3e0ffe72-a10c-4a53-b14d-975ded458756,1697741660,2023-10-19 20:54:20,6oLYKcDq6k8Ht5U45qNuHm,0.466,0.689,0.295,0.0713,0.0,0.946,0.512,58.935,89353,4,7,-6.004,0
Mike,,Burning Desire,7ead2023-6770-4368-bb0d-b6dea497b249,98,4c57c1ac-82d6-441e-834e-f9562d0accc2,1697741580,2023-10-19 20:53:00,77DxLMO5W3r9kspNtkIj6R,0.427,0.815,0.0638,0.0434,0.0,0.697,0.621,89.437,79754,4,7,-5.046,1
Mike,,Burning Desire,7ead2023-6770-4368-bb0d-b6dea497b249,Billboards with Anuoluwapo “Sandra” Majekodunmi,,1697741454,2023-10-19 20:50:54,6jqIP3VaJvyfDydyP4ils6,0.318,0.832,0.252,0.127,0.0,0.952,0.389,143.432,126068,4,4,-6.173,1
Mike,,Burning Desire,7ead2023-6770-4368-bb0d-b6dea497b249,Set the Mood,0da6147a-027b-4a04-89af-1b256a35b2e7,1697741351,2023-10-19 20:49:11,48uAefi9v53sT1HbBfa7vD,0.449,0.814,0.0843,2.48e-05,0.0,0.462,0.509,147.002,102932,4,10,-7.203,0
Mike,,Burning Desire,7ead2023-6770-4368-bb0d-b6dea497b249,Zombie,afab2330-bf15-493d-a2ff-f8e81ffb719c,1697741258,2023-10-19 20:47:38,6gFCaZaCUx1XNg74pnZp3g,0.546,0.529,0.31,0.751,0.0868,0.167,0.41,156.176,93316,4,2,-11.498,1
Mike,,Burning Desire,7ead2023-6770-4368-bb0d-b6dea497b249,U think Maybe? - feat. Liv.e and Venna,,1697741109,2023-10-19 20:45:09,5NIcIBJp03ylKLAtJRTr6L,0.328,0.625,0.034,0.0159,1.45e-05,0.321,0.317,82.296,149872,4,7,-6.902,0
Mike,,Burning Desire,7ead2023-6770-4368-bb0d-b6dea497b249,REAL LOVE with fashionspitta,,1697741010,2023-10-19 20:43:30,3b2gES0K4mTYNdZQCoI8Pn,0.292,0.859,0.0778,0.0233,0.00524,0.159,0.521,95.158,97553,3,1,-4.465,1
Mike,,Burning Desire,7ead2023-6770-4368-bb0d-b6dea497b249,plz don’t cut my wings - feat. Earl Sweatshirt,,1697740792,2023-10-19 20:39:52,1ic7rjvkA5LzguZHZHAe6M,0.572,0.838,0.381,0.199,0.00335,0.112,0.23,131.966,218182,4,4,-4.174,0
Mike,,Burning Desire,7ead2023-6770-4368-bb0d-b6dea497b249,Snake Charm,0df554cd-df26-4684-a222-d9abeb62cc34,1697740709,2023-10-19 20:38:29,1ppCyBlqMuGXhjKHNbZ9vZ,0.497,0.721,0.213,0.707,0.0,0.468,0.96,83.363,83974,4,6,-7.046,1
Mike,,Burning Desire,7ead2023-6770-4368-bb0d-b6dea497b249,African Sex Freak Fantasy,4fefe7b6-3b05-495c-bcc3-43eb9594481b,1697740600,2023-10-19 20:36:40,0FZT0qyuxMaUZN6fAVDu5F,0.636,0.99,0.157,0.129,0.0375,0.223,0.751,177.033,108822,4,9,-3.799,0
Mike,,Burning Desire,7ead2023-6770-4368-bb0d-b6dea497b249,Zap!,54bf2bac-c983-46b0-947e-21ce3247970a,1697740466,2023-10-19 20:34:26,1n5rQXm41qTCX8zKj8dqOd,0.532,0.865,0.256,0.0502,0.0,0.718,0.515,82.984,134062,4,0,-6.581,1
Mike,,Burning Desire,7ead2023-6770-4368-bb0d-b6dea497b249,Dambe,0d47cb88-6bc1-4883-b115-7ed5b7db3c7c,1697736713,2023-10-19 19:31:53,7JiVzZvbjvJyOHleK5DhD3,0.593,0.537,0.473,0.127,0.333,0.6,0.911,65.965,19338,3,1,-12.203,1
Mike,,Burning Desire,7ead2023-6770-4368-bb0d-b6dea497b249,Intro with Klein,d3b5fedc-fe68-427b-a7a9-c555ac38f498,1697736614,2023-10-19 19:30:14,4UyasDsvceS7h8LZfBoayA,0.467,0.868,0.133,0.756,0.09,0.949,0.587,107.81,100102,3,1,-11.701,1
Brian Eno,,Taking Tiger Mountain (By Strategy) [2004 Remaster],,The True Wheel - 2004 Digital Remaster,,1697730435,2023-10-19 17:47:15,45LOQYuy2m5Ggpgkrzic8I,0.56,0.754,0.0398,0.47,0.0224,0.439,0.703,127.803,311187,4,11,-10.209,1
Sematary,8f4d9eb5-7b8f-4e7e-8c05-86cb211d7a7c,Rainbow Bridge 3,27379a20-8808-42f3-804b-723845b24481,Necromanser,ee44e3d8-f834-42c3-9ce4-06dc5cdc18ca,1697730317,2023-10-19 17:45:17,7vIk3u49yfU7KrJJjFEnOa,0.275,0.949,0.113,0.00111,0.0,0.388,0.298,73.008,222074,4,5,-0.175,1
Girl Talk,,Feed the Animals,27009645-6238-4783-90ec-6533f40bdf06,No Pause,8c2fcb1b-a49b-3e00-8c2e-0b6247c6b4e5,1697725066,2023-10-19 16:17:46,5WuLqgolua3xAHxOfBdxsA,0.845,0.764,0.156,0.0883,2.8e-05,0.309,0.596,105.008,192184,4,1,-7.247,1
"Tyler, the Creator",f6beac20-5dfe-4d1f-ae02-0b0a740aafd6,IGOR,4603cee3-ece6-435c-b0b7-7d9eb1842d36,A BOY IS A GUN*,37b77990-3a29-45d7-9b58-9f150246c753,1697724833,2023-10-19 16:13:53,1nXZnTALNXiPlvXotqHm66,0.417,0.689,0.178,0.575,0.0,0.496,0.505,79.568,210253,4,2,-8.302,0
Pras,,Ghetto Supastar,636f19a5-5cf3-463b-b2e5-6edd7f5d0f04,Ghetto Supastar (That Is What You Are) (Feat. Ol' Dirty Bastard & Mýa),,1697724575,2023-10-19 16:09:35,31bf9SEOppLU6lQ85d8om6,0.818,0.653,0.204,0.0335,5.46e-06,0.22,0.533,99.931,261133,4,1,-8.396,1
Talk Talk,a74f43e4-50c4-4b19-a2ce-c05ce9bccb03,Laughing Stock,1d9d8be7-c5cf-4822-a7e9-55e665b6eb42,After The Flood,01f9c434-0562-3fe9-a2be-9c32d7694080,1697724113,2023-10-19 16:01:53,3brJgq1ZCpwsczQr4m2DG5,0.412,0.46,0.027,0.421,0.578,0.0981,0.11,89.374,566933,4,10,-14.746,1
David Bowie,5441c29d-3602-4898-b1a1-b77fa23b8e50,Blackstar,,I Can't Give Everything Away,a2fd44ce-0e32-4615-8bc3-32f80f58f55d,1697723782,2023-10-19 15:56:22,4iXSEbAYfD0G4bqTkQCfSn,0.496,0.931,0.0657,0.11,0.049,0.33,0.417,119.989,347280,4,5,-7.005,1
Dead Kennedys,37c78aeb-d196-42b5-b991-6afb4fc9bc2e,"Plastic Surgery Disasters/In God We Trust, Inc.",18d1c89e-a512-4012-8231-b98f3a72f568,Forest Fire,91a1c487-3b26-420f-a22f-5a638c35f853,1697723414,2023-10-19 15:50:14,7q3QfGCZGFTsOuDan8QS0Q,0.27,0.978,0.201,0.000162,0.0,0.15,0.419,141.692,142965,4,1,-4.823,0
Dead Kennedys,37c78aeb-d196-42b5-b991-6afb4fc9bc2e,"Plastic Surgery Disasters/In God We Trust, Inc.",18d1c89e-a512-4012-8231-b98f3a72f568,Terminal Preppie,3c44fccb-8f9c-33f5-96c3-131e411e2aa3,1697723302,2023-10-19 15:48:22,4J4EEk6I0JSfg2b3y1gYwc,0.359,0.988,0.216,0.00527,0.0,0.109,0.543,114.62,90302,4,5,-5.431,0
Dead Kennedys,37c78aeb-d196-42b5-b991-6afb4fc9bc2e,"Plastic Surgery Disasters/In God We Trust, Inc.",18d1c89e-a512-4012-8231-b98f3a72f568,Government Flu,0316205b-5509-3941-9c97-6b6dba787044,1697723178,2023-10-19 15:46:18,1PuMbKR2PHJ5jWW5aj1KzX,0.299,0.996,0.166,5.35e-05,0.0,0.402,0.155,140.714,124041,4,2,-4.905,1
Dead Kennedys,37c78aeb-d196-42b5-b991-6afb4fc9bc2e,Fresh Fruit For Rotting Vegetables (Expanded Edition),,Police Truck,751adafd-a849-43a9-8479-b7fe8621d072,1697722959,2023-10-19 15:42:39,6M4yg3BknyHmRnsvlkuHD5,0.207,0.967,0.0982,0.0627,6.32e-05,0.504,0.598,202.423,144973,4,4,-5.381,1
Dead Kennedys,37c78aeb-d196-42b5-b991-6afb4fc9bc2e,Fresh Fruit For Rotting Vegetables (Expanded Edition),,Viva Las Vegas,006f5812-ccf2-3b12-bd3a-44c745f2af85,1697722776,2023-10-19 15:39:36,3cFstfrvlhDTF7QwNnJaSn,0.343,0.96,0.0755,0.103,7.65e-05,0.0523,0.738,150.705,162293,4,9,-5.154,1
Dead Kennedys,37c78aeb-d196-42b5-b991-6afb4fc9bc2e,Fresh Fruit For Rotting Vegetables (Expanded Edition),,Holiday in Cambodia,,1697722498,2023-10-19 15:34:58,7eTd62PHEDe1JU1zRIKEtW,0.128,0.992,0.177,0.231,0.68,0.399,0.218,204.247,277747,4,9,-3.961,0
Dead Kennedys,37c78aeb-d196-42b5-b991-6afb4fc9bc2e,Fresh Fruit For Rotting Vegetables (Expanded Edition),,Ill in the Head,028ced7f-98bd-3fb2-8ab8-f49157def0b9,1697722331,2023-10-19 15:32:11,4LhP2Xk7QG6AjOIigtro9P,0.455,0.984,0.0905,0.00372,0.0687,0.252,0.629,116.327,164800,4,7,-4.5,1
Dead Kennedys,37c78aeb-d196-42b5-b991-6afb4fc9bc2e,Fresh Fruit For Rotting Vegetables (Expanded Edition),,Funland at the Beach,156a0b24-6871-38d2-8907-faaec3926916,1697722222,2023-10-19 15:30:22,0ywAkrBmJ9JEtqILpK2nr7,0.424,0.952,0.0604,0.441,0.0146,0.324,0.891,111.065,109973,4,9,-4.114,0
Dead Kennedys,37c78aeb-d196-42b5-b991-6afb4fc9bc2e,Fresh Fruit For Rotting Vegetables (Expanded Edition),,Stealing People's Mail,0c9c88b3-e80c-3df4-975f-c9666be6cc33,1697722126,2023-10-19 15:28:46,5sjYm8gZHxwZMw4ng6PTxJ,0.379,0.978,0.137,0.285,0.0166,0.338,0.642,135.92,94800,4,0,-4.504,1
Dead Kennedys,37c78aeb-d196-42b5-b991-6afb4fc9bc2e,Fresh Fruit For Rotting Vegetables (Expanded Edition),,I Kill Children,055cdba2-ca4d-371f-a10c-84e2d96bd9ee,1697722002,2023-10-19 15:26:42,7ckdH5qKVzxifoFbCoh2xo,0.217,0.974,0.128,0.0917,0.106,0.0932,0.286,140.897,124733,4,3,-4.424,1
Dead Kennedys,37c78aeb-d196-42b5-b991-6afb4fc9bc2e,Fresh Fruit For Rotting Vegetables (Expanded Edition),,California Uber Alles,33aa9c95-07a2-4ed9-b01b-b992db80d0f8,1697721818,2023-10-19 15:23:38,1y5redkkyifDxFKju5VcBD,0.334,0.897,0.115,0.539,0.00101,0.0353,0.588,98.683,183733,4,8,-5.1,1
Dead Kennedys,37c78aeb-d196-42b5-b991-6afb4fc9bc2e,Fresh Fruit For Rotting Vegetables (Expanded Edition),,Chemical Warfare,dbdde6ee-8f74-4be4-907c-c6821212bdec,1697721640,2023-10-19 15:20:40,264U8oZfi2oLTVsAqdLBfZ,0.283,0.985,0.236,0.204,0.337,0.385,0.126,121.05,176523,4,2,-3.121,1
Dead Kennedys,37c78aeb-d196-42b5-b991-6afb4fc9bc2e,Fresh Fruit For Rotting Vegetables (Expanded Edition),,Your Emotions,02a8b2ca-7235-34f7-b16b-acf2e5b91580,1697721559,2023-10-19 15:19:19,6TY7PwR802iGiPV6QUtWY9,0.396,0.943,0.0735,0.187,0.206,0.266,0.421,130.525,80667,4,9,-10.912,1
Dead Kennedys,37c78aeb-d196-42b5-b991-6afb4fc9bc2e,Fresh Fruit For Rotting Vegetables (Expanded Edition),,Drug Me,038f367d-ba29-3cfd-b75f-c4447df58a46,1697721442,2023-10-19 15:17:22,7bCiyTv53MwkyLVLnHESSY,0.229,0.987,0.0743,0.596,0.179,0.504,0.769,165.661,116947,4,7,-4.452,1
Dead Kennedys,37c78aeb-d196-42b5-b991-6afb4fc9bc2e,Fresh Fruit For Rotting Vegetables (Expanded Edition),,Let's Lynch the Landlord,209faa1a-1482-4b5a-afd0-ab0c390c2187,1697721309,2023-10-19 15:15:09,2HR3BijX7UK9QSFOTh6tRJ,0.212,0.973,0.0864,0.416,0.563,0.245,0.673,161.269,133040,4,4,-4.331,1
Dead Kennedys,37c78aeb-d196-42b5-b991-6afb4fc9bc2e,Fresh Fruit For Rotting Vegetables (Expanded Edition),,When Ya Get Drafted,008f46fd-7138-30de-aee8-f1208009b07e,1697721226,2023-10-19 15:13:46,5cEk7IvzsWT53MwMXqxUou,0.425,0.994,0.174,0.223,0.00769,0.173,0.714,136.927,83373,4,11,-3.098,0
Dead Kennedys,37c78aeb-d196-42b5-b991-6afb4fc9bc2e,Fresh Fruit For Rotting Vegetables (Expanded Edition),,Forward to Death,90991f10-e801-30cd-b55b-8a8cf5bcaa0e,1697721142,2023-10-19 15:12:22,4ORGyJzEHCVrqTdsfR9bc9,0.486,0.95,0.0663,0.003,0.879,0.0271,0.849,129.785,83147,4,6,-4.369,1
Dead Kennedys,37c78aeb-d196-42b5-b991-6afb4fc9bc2e,Fresh Fruit For Rotting Vegetables (Expanded Edition),,Kill the Poor,,1697720955,2023-10-19 15:09:15,1JZg3w0wUocLO3qxPwZiKO,0.278,0.992,0.0928,0.0225,0.00542,0.229,0.334,106.326,185560,4,2,-3.685,1
The Clash,,Give 'Em Enough Rope (Remastered),,Guns On the Roof - Remastered,,1697720841,2023-10-19 15:07:21,0FuigsRUH9SPy5MfhHb3TT,0.582,0.854,0.158,0.0347,7.2e-05,0.201,0.722,145.551,195240,4,9,-5.818,1
The Clash,,Give 'Em Enough Rope (Remastered),,Julie's Been Working for the Drug Squad - Remastered,,1697720658,2023-10-19 15:04:18,2rUVY6uXm8J0IEr230B1L1,0.491,0.845,0.185,0.0722,0.000127,0.0684,0.831,174.957,183067,4,9,-5.756,1
Talking Heads,,Speaking In Tongues (Deluxe Version),,This Must Be the Place (Naive Melody) - 2005 Remaster,,1697706680,2023-10-19 11:11:20,6aBUnkXuCEQQHAlTokv9or,0.942,0.641,0.0333,0.331,0.179,0.028,0.966,114.443,296147,4,7,-10.15,1
Talking Heads,,Speaking In Tongues (Deluxe Version),,I Get Wild / Wild Gravity - 2005 Remaster,,1697706346,2023-10-19 11:05:46,2qpdiWvU5zZd2qPXbqB8Fv,0.928,0.654,0.0695,0.0106,0.237,0.0722,0.961,126.062,316680,4,7,-8.712,1
Eric B. & Rakim,925228de-bbe5-4c7b-b76f-78e382ec9148,The 18th Letter / The Book Of Life,0de4499e-4ed8-44aa-9535-eceea3f0dbfb,Know The Ledge,56b4fbcb-89a8-48c5-9143-6f6b8190f33e,1697705712,2023-10-19 10:55:12,4nBZIQ14fOYMxJvgbvHQpJ,0.794,0.88,0.162,0.0289,2.52e-05,0.0683,0.847,115.666,238867,4,8,-9.77,1
Jockstrap,,Good Girl,,Good Girl,,1697705694,2023-10-19 10:54:54,7eCyu8EKSTT7GaXI9IVHrF,0.671,0.871,0.0335,0.0363,0.441,0.0742,0.115,119.992,242363,3,8,-4.478,1
Jockstrap,,Good Girl,,Good Girl,,1697705452,2023-10-19 10:50:52,7eCyu8EKSTT7GaXI9IVHrF,0.671,0.871,0.0335,0.0363,0.441,0.0742,0.115,119.992,242363,3,8,-4.478,1
The Clash,,Give 'Em Enough Rope (Remastered),,Cheapskates - Remastered,,1697705170,2023-10-19 10:46:10,5f5nnFLNinW5AD5HUgTS7Z,0.346,0.933,0.0979,0.0632,0.0,0.0738,0.616,159.778,205000,4,0,-5.144,1
The Clash,,Give 'Em Enough Rope (Remastered),,Stay Free - Remastered,,1697704950,2023-10-19 10:42:30,32rUsiLCvd1yZWr4UFUoiu,0.517,0.858,0.0672,0.115,0.000244,0.121,0.669,150.645,220587,4,7,-6.03,1
The Clash,,Give 'Em Enough Rope (Remastered),,Drug-Stabbing Time - Remastered,,1697704950,2023-10-19 10:42:30,3TrpmIKzmn8BNZDMys2n72,0.331,0.967,0.0676,0.035,6.38e-06,0.355,0.631,170.855,223733,4,2,-5.155,1
The Clash,,Give 'Em Enough Rope (Remastered),,Drug-Stabbing Time - Remastered,,1697704726,2023-10-19 10:38:46,3TrpmIKzmn8BNZDMys2n72,0.331,0.967,0.0676,0.035,6.38e-06,0.355,0.631,170.855,223733,4,2,-5.155,1
The Clash,,Give 'Em Enough Rope (Remastered),,Guns On the Roof - Remastered,,1697704531,2023-10-19 10:35:31,0FuigsRUH9SPy5MfhHb3TT,0.582,0.854,0.158,0.0347,7.2e-05,0.201,0.722,145.551,195240,4,9,-5.818,1
The Clash,,Give 'Em Enough Rope (Remastered),,Last Gang in Town - Remastered,,1697704217,2023-10-19 10:30:17,6bKE8NF82z1CVMfu0ZN8bu,0.469,0.971,0.0609,0.0172,0.0,0.0979,0.482,148.692,313360,4,5,-5.908,1
The Clash,,Give 'Em Enough Rope (Remastered),,Julie's Been Working for the Drug Squad - Remastered,,1697704036,2023-10-19 10:27:16,2rUVY6uXm8J0IEr230B1L1,0.491,0.845,0.185,0.0722,0.000127,0.0684,0.831,174.957,183067,4,9,-5.756,1
Dead Kennedys,37c78aeb-d196-42b5-b991-6afb4fc9bc2e,"Plastic Surgery Disasters/In God We Trust, Inc.",18d1c89e-a512-4012-8231-b98f3a72f568,Bleed for Me,66be71cb-8661-45db-8e41-7df6095b6ba6,1697660351,2023-10-18 22:19:11,3AbYQi11L5RDO9QY6EjgOG,0.289,0.962,0.129,0.000194,7.77e-05,0.0946,0.118,102.594,204916,4,9,-5.647,1
Dead Kennedys,37c78aeb-d196-42b5-b991-6afb4fc9bc2e,"Plastic Surgery Disasters/In God We Trust, Inc.",18d1c89e-a512-4012-8231-b98f3a72f568,Riot,87003377-8091-4522-bf99-cf56baafc6c4,1697659993,2023-10-18 22:13:13,1aCf2VZNBccqLAJgzusAdx,0.345,0.96,0.381,0.0133,5.01e-06,0.089,0.074,135.461,357494,4,4,-6.295,1
Dead Kennedys,37c78aeb-d196-42b5-b991-6afb4fc9bc2e,"Plastic Surgery Disasters/In God We Trust, Inc.",18d1c89e-a512-4012-8231-b98f3a72f568,Winnebago Warrior,00b09e3d-4349-4901-9992-34d981107a98,1697659864,2023-10-18 22:11:04,5LcCtjR8QLtoNecXfEt38w,0.463,0.975,0.14,0.000161,0.0,0.0567,0.498,134.129,128615,4,1,-5.614,0
Dead Kennedys,37c78aeb-d196-42b5-b991-6afb4fc9bc2e,"Plastic Surgery Disasters/In God We Trust, Inc.",18d1c89e-a512-4012-8231-b98f3a72f568,Halloween,0f856960-5f52-3ca2-b7b6-e65026f6acd9,1697659649,2023-10-18 22:07:29,4QL6epCx6rlUbDG4TF3sj9,0.236,0.964,0.0935,0.00115,1.93e-06,0.125,0.764,185.157,215179,4,0,-4.993,1
Dead Kennedys,37c78aeb-d196-42b5-b991-6afb4fc9bc2e,"Plastic Surgery Disasters/In God We Trust, Inc.",18d1c89e-a512-4012-8231-b98f3a72f568,Forest Fire,91a1c487-3b26-420f-a22f-5a638c35f853,1697659506,2023-10-18 22:05:06,7q3QfGCZGFTsOuDan8QS0Q,0.27,0.978,0.201,0.000162,0.0,0.15,0.419,141.692,142965,4,1,-4.823,0
Dead Kennedys,37c78aeb-d196-42b5-b991-6afb4fc9bc2e,"Plastic Surgery Disasters/In God We Trust, Inc.",18d1c89e-a512-4012-8231-b98f3a72f568,Buzzbomb,19612932-2a7b-48ef-8fea-babfb4775677,1697659364,2023-10-18 22:02:44,5TGDbGkn5hWchbPmsEec0H,0.314,0.982,0.112,0.000122,0.0,0.237,0.486,139.931,141804,4,11,-4.756,0
Dead Kennedys,37c78aeb-d196-42b5-b991-6afb4fc9bc2e,"Plastic Surgery Disasters/In God We Trust, Inc.",18d1c89e-a512-4012-8231-b98f3a72f568,Well Paid Scientist,04115afc-96dc-4823-90aa-2c9c90bef4e0,1697659223,2023-10-18 22:00:23,2kTFSkDlGLE48WTHJ9BJ3o,0.239,0.938,0.151,0.000511,7.07e-06,0.123,0.351,53.065,142013,4,2,-5.119,1
Dead Kennedys,37c78aeb-d196-42b5-b991-6afb4fc9bc2e,"Plastic Surgery Disasters/In God We Trust, Inc.",18d1c89e-a512-4012-8231-b98f3a72f568,Trust Your Mechanic,873b0b7a-d8ba-456c-a994-ad98b4358aab,1697659046,2023-10-18 21:57:26,2hvR3XzdUoSnoREtyTVnQx,0.276,0.893,0.435,0.000879,0.0,0.212,0.332,180.075,175589,4,10,-6.355,1
Dead Kennedys,37c78aeb-d196-42b5-b991-6afb4fc9bc2e,"Plastic Surgery Disasters/In God We Trust, Inc.",18d1c89e-a512-4012-8231-b98f3a72f568,Terminal Preppie,3c44fccb-8f9c-33f5-96c3-131e411e2aa3,1697658956,2023-10-18 21:55:56,4J4EEk6I0JSfg2b3y1gYwc,0.359,0.988,0.216,0.00527,0.0,0.109,0.543,114.62,90302,4,5,-5.431,0
Dead Kennedys,37c78aeb-d196-42b5-b991-6afb4fc9bc2e,"Plastic Surgery Disasters/In God We Trust, Inc.",18d1c89e-a512-4012-8231-b98f3a72f568,Government Flu,0316205b-5509-3941-9c97-6b6dba787044,1697658833,2023-10-18 21:53:53,1PuMbKR2PHJ5jWW5aj1KzX,0.299,0.996,0.166,5.35e-05,0.0,0.402,0.155,140.714,124041,4,2,-4.905,1
Dead Kennedys,37c78aeb-d196-42b5-b991-6afb4fc9bc2e,"Plastic Surgery Disasters/In God We Trust, Inc.",18d1c89e-a512-4012-8231-b98f3a72f568,Advice From Christmas Past,25788613-0bb5-3583-9ab7-88557734689d,1697658777,2023-10-18 21:52:57,3DsZdGFd1FK0ESdya8qcxK,0.19,0.993,0.181,0.201,0.0,0.547,0.102,146.334,55287,5,2,-9.731,1
Dead Kennedys,37c78aeb-d196-42b5-b991-6afb4fc9bc2e,"Plastic Surgery Disasters/In God We Trust, Inc.",18d1c89e-a512-4012-8231-b98f3a72f568,Rawhide,00597f24-6e82-4287-b771-3a474808d452,1697658644,2023-10-18 21:50:44,62f7OynIECvIyrue1E5b8C,0.38,0.913,0.158,0.000221,2.63e-06,0.147,0.361,147.265,133283,4,11,-5.467,0
Dead Kennedys,37c78aeb-d196-42b5-b991-6afb4fc9bc2e,"Plastic Surgery Disasters/In God We Trust, Inc.",18d1c89e-a512-4012-8231-b98f3a72f568,We've Got a Bigger Problem Now,3bf643ab-ebaa-4a98-bd86-a7f39b23addf,1697658373,2023-10-18 21:46:13,5p6Upe0lGmjOZtsYwiYKDt,0.38,0.516,0.0598,0.00307,0.0,0.0961,0.441,100.976,269746,4,1,-6.568,0
Dead Kennedys,37c78aeb-d196-42b5-b991-6afb4fc9bc2e,"Plastic Surgery Disasters/In God We Trust, Inc.",18d1c89e-a512-4012-8231-b98f3a72f568,Nazi Punks Fuck Off,7dc7ac5f-de88-350f-b2ee-1078d3557bcd,1697658310,2023-10-18 21:45:10,2LF13LC1wG5XqZ2js2yC9O,0.397,0.923,0.201,0.00132,0.0,0.261,0.676,112.666,63390,3,10,-4.029,0
Dead Kennedys,37c78aeb-d196-42b5-b991-6afb4fc9bc2e,"Plastic Surgery Disasters/In God We Trust, Inc.",18d1c89e-a512-4012-8231-b98f3a72f568,Dog Bite,022d91a1-eae1-4dfc-8b96-d93b4b524caf,1697658236,2023-10-18 21:43:56,3YK4bB2sJ4kEXuz7tgilu8,0.275,0.962,0.0956,0.000409,1.24e-05,0.327,0.604,172.494,73956,4,9,-3.329,0
Dead Kennedys,37c78aeb-d196-42b5-b991-6afb4fc9bc2e,"Plastic Surgery Disasters/In God We Trust, Inc.",18d1c89e-a512-4012-8231-b98f3a72f568,Kepone Factory,5574512e-149c-4084-b61e-9c2c6c24f5a8,1697658157,2023-10-18 21:42:37,7536uhNfDaaBShMn5SFjrS,0.442,0.975,0.128,0.000888,0.0,0.0627,0.399,89.783,78925,4,7,-3.924,1
Dead Kennedys,37c78aeb-d196-42b5-b991-6afb4fc9bc2e,"Plastic Surgery Disasters/In God We Trust, Inc.",18d1c89e-a512-4012-8231-b98f3a72f568,Hyperactive Child,04b97944-f094-3e2c-9f0b-197d17622e99,1697658121,2023-10-18 21:42:01,3WO1WRUC3Jj93vAAXbHglN,0.332,0.939,0.199,0.0102,0.0,0.399,0.744,80.092,37314,3,5,-4.019,1
Dead Kennedys,37c78aeb-d196-42b5-b991-6afb4fc9bc2e,"Plastic Surgery Disasters/In God We Trust, Inc.",18d1c89e-a512-4012-8231-b98f3a72f568,Moral Majority,31d18269-2e88-3548-812c-4ee4a55da2c5,1697658005,2023-10-18 21:40:05,6GuhvbkqEcvCp2sSqf5v62,0.297,0.903,0.503,0.0222,3.06e-06,0.138,0.0878,157.676,115496,4,2,-6.575,1
Dead Kennedys,37c78aeb-d196-42b5-b991-6afb4fc9bc2e,"Plastic Surgery Disasters/In God We Trust, Inc.",18d1c89e-a512-4012-8231-b98f3a72f568,Religious Vomit,034ba75f-573d-31b4-ac5a-a223bec1d4ba,1697657940,2023-10-18 21:39:00,7HyRIs3Ha53ExrEf2fTZyp,0.437,0.951,0.0924,0.000195,0.0,0.0703,0.718,105.046,64482,4,10,-3.686,0
Dead Kennedys,37c78aeb-d196-42b5-b991-6afb4fc9bc2e,"Plastic Surgery Disasters/In God We Trust, Inc.",18d1c89e-a512-4012-8231-b98f3a72f568,Moon Over Marin,4299b61d-e905-456b-a2eb-2f64010f37a6,1697657672,2023-10-18 21:34:32,2GhSbuIKbpS3XJ7wnWgz1B,0.249,0.869,0.0432,2.72e-05,2.79e-05,0.0849,0.354,158.453,223853,4,11,-4.619,0
Dead Kennedys,37c78aeb-d196-42b5-b991-6afb4fc9bc2e,"Plastic Surgery Disasters/In God We Trust, Inc.",18d1c89e-a512-4012-8231-b98f3a72f568,Dead End,064aabc7-1891-4dd7-a60e-7737125f7362,1697657436,2023-10-18 21:30:36,3jq1CCK2IEHLjIHKgmK9f8,0.235,0.946,0.0535,6.65e-05,0.0,0.113,0.403,175.007,236286,4,11,-5.391,0
Dead Kennedys,37c78aeb-d196-42b5-b991-6afb4fc9bc2e,"Plastic Surgery Disasters/In God We Trust, Inc.",18d1c89e-a512-4012-8231-b98f3a72f568,I Am the Owl,13150d33-f1c3-35f9-8f96-1cba2b59b926,1697657144,2023-10-18 21:25:44,3bHhViIaKeurKFeax57Fio,0.499,0.819,0.0703,0.000162,0.0196,0.0978,0.609,82.203,291968,4,7,-6.713,1
Dead Kennedys,37c78aeb-d196-42b5-b991-6afb4fc9bc2e,"Plastic Surgery Disasters/In God We Trust, Inc.",18d1c89e-a512-4012-8231-b98f3a72f568,Bleed for Me,66be71cb-8661-45db-8e41-7df6095b6ba6,1697656940,2023-10-18 21:22:20,3AbYQi11L5RDO9QY6EjgOG,0.289,0.962,0.129,0.000194,7.77e-05,0.0946,0.118,102.594,204916,4,9,-5.647,1
Dead Kennedys,37c78aeb-d196-42b5-b991-6afb4fc9bc2e,"Plastic Surgery Disasters/In God We Trust, Inc.",18d1c89e-a512-4012-8231-b98f3a72f568,Riot,87003377-8091-4522-bf99-cf56baafc6c4,1697656582,2023-10-18 21:16:22,1aCf2VZNBccqLAJgzusAdx,0.345,0.96,0.381,0.0133,5.01e-06,0.089,0.074,135.461,357494,4,4,-6.295,1
Dead Kennedys,37c78aeb-d196-42b5-b991-6afb4fc9bc2e,"Plastic Surgery Disasters/In God We Trust, Inc.",18d1c89e-a512-4012-8231-b98f3a72f568,Winnebago Warrior,00b09e3d-4349-4901-9992-34d981107a98,1697656453,2023-10-18 21:14:13,5LcCtjR8QLtoNecXfEt38w,0.463,0.975,0.14,0.000161,0.0,0.0567,0.498,134.129,128615,4,1,-5.614,0
Dead Kennedys,37c78aeb-d196-42b5-b991-6afb4fc9bc2e,"Plastic Surgery Disasters/In God We Trust, Inc.",18d1c89e-a512-4012-8231-b98f3a72f568,Halloween,0f856960-5f52-3ca2-b7b6-e65026f6acd9,1697656238,2023-10-18 21:10:38,4QL6epCx6rlUbDG4TF3sj9,0.236,0.964,0.0935,0.00115,1.93e-06,0.125,0.764,185.157,215179,4,0,-4.993,1
Dead Kennedys,37c78aeb-d196-42b5-b991-6afb4fc9bc2e,"Plastic Surgery Disasters/In God We Trust, Inc.",18d1c89e-a512-4012-8231-b98f3a72f568,Forest Fire,91a1c487-3b26-420f-a22f-5a638c35f853,1697656095,2023-10-18 21:08:15,7q3QfGCZGFTsOuDan8QS0Q,0.27,0.978,0.201,0.000162,0.0,0.15,0.419,141.692,142965,4,1,-4.823,0
Dead Kennedys,37c78aeb-d196-42b5-b991-6afb4fc9bc2e,"Plastic Surgery Disasters/In God We Trust, Inc.",18d1c89e-a512-4012-8231-b98f3a72f568,Buzzbomb,19612932-2a7b-48ef-8fea-babfb4775677,1697655953,2023-10-18 21:05:53,5TGDbGkn5hWchbPmsEec0H,0.314,0.982,0.112,0.000122,0.0,0.237,0.486,139.931,141804,4,11,-4.756,0
Dead Kennedys,37c78aeb-d196-42b5-b991-6afb4fc9bc2e,"Plastic Surgery Disasters/In God We Trust, Inc.",18d1c89e-a512-4012-8231-b98f3a72f568,Well Paid Scientist,04115afc-96dc-4823-90aa-2c9c90bef4e0,1697655812,2023-10-18 21:03:32,2kTFSkDlGLE48WTHJ9BJ3o,0.239,0.938,0.151,0.000511,7.07e-06,0.123,0.351,53.065,142013,4,2,-5.119,1
Dead Kennedys,37c78aeb-d196-42b5-b991-6afb4fc9bc2e,"Plastic Surgery Disasters/In God We Trust, Inc.",18d1c89e-a512-4012-8231-b98f3a72f568,Trust Your Mechanic,873b0b7a-d8ba-456c-a994-ad98b4358aab,1697655635,2023-10-18 21:00:35,2hvR3XzdUoSnoREtyTVnQx,0.276,0.893,0.435,0.000879,0.0,0.212,0.332,180.075,175589,4,10,-6.355,1
Dead Kennedys,37c78aeb-d196-42b5-b991-6afb4fc9bc2e,"Plastic Surgery Disasters/In God We Trust, Inc.",18d1c89e-a512-4012-8231-b98f3a72f568,Terminal Preppie,3c44fccb-8f9c-33f5-96c3-131e411e2aa3,1697655545,2023-10-18 20:59:05,4J4EEk6I0JSfg2b3y1gYwc,0.359,0.988,0.216,0.00527,0.0,0.109,0.543,114.62,90302,4,5,-5.431,0
Dead Kennedys,37c78aeb-d196-42b5-b991-6afb4fc9bc2e,"Plastic Surgery Disasters/In God We Trust, Inc.",18d1c89e-a512-4012-8231-b98f3a72f568,Government Flu,0316205b-5509-3941-9c97-6b6dba787044,1697655421,2023-10-18 20:57:01,1PuMbKR2PHJ5jWW5aj1KzX,0.299,0.996,0.166,5.35e-05,0.0,0.402,0.155,140.714,124041,4,2,-4.905,1
Dead Kennedys,37c78aeb-d196-42b5-b991-6afb4fc9bc2e,"Plastic Surgery Disasters/In God We Trust, Inc.",18d1c89e-a512-4012-8231-b98f3a72f568,Advice From Christmas Past,25788613-0bb5-3583-9ab7-88557734689d,1697655366,2023-10-18 20:56:06,3DsZdGFd1FK0ESdya8qcxK,0.19,0.993,0.181,0.201,0.0,0.547,0.102,146.334,55287,5,2,-9.731,1
Dead Kennedys,37c78aeb-d196-42b5-b991-6afb4fc9bc2e,"Plastic Surgery Disasters/In God We Trust, Inc.",18d1c89e-a512-4012-8231-b98f3a72f568,Rawhide,00597f24-6e82-4287-b771-3a474808d452,1697655232,2023-10-18 20:53:52,62f7OynIECvIyrue1E5b8C,0.38,0.913,0.158,0.000221,2.63e-06,0.147,0.361,147.265,133283,4,11,-5.467,0
Dead Kennedys,37c78aeb-d196-42b5-b991-6afb4fc9bc2e,"Plastic Surgery Disasters/In God We Trust, Inc.",18d1c89e-a512-4012-8231-b98f3a72f568,We've Got a Bigger Problem Now,3bf643ab-ebaa-4a98-bd86-a7f39b23addf,1697654963,2023-10-18 20:49:23,5p6Upe0lGmjOZtsYwiYKDt,0.38,0.516,0.0598,0.00307,0.0,0.0961,0.441,100.976,269746,4,1,-6.568,0
Dead Kennedys,37c78aeb-d196-42b5-b991-6afb4fc9bc2e,"Plastic Surgery Disasters/In God We Trust, Inc.",18d1c89e-a512-4012-8231-b98f3a72f568,Nazi Punks Fuck Off,7dc7ac5f-de88-350f-b2ee-1078d3557bcd,1697654899,2023-10-18 20:48:19,2LF13LC1wG5XqZ2js2yC9O,0.397,0.923,0.201,0.00132,0.0,0.261,0.676,112.666,63390,3,10,-4.029,0
Dead Kennedys,37c78aeb-d196-42b5-b991-6afb4fc9bc2e,"Plastic Surgery Disasters/In God We Trust, Inc.",18d1c89e-a512-4012-8231-b98f3a72f568,Dog Bite,022d91a1-eae1-4dfc-8b96-d93b4b524caf,1697654825,2023-10-18 20:47:05,3YK4bB2sJ4kEXuz7tgilu8,0.275,0.962,0.0956,0.000409,1.24e-05,0.327,0.604,172.494,73956,4,9,-3.329,0
Dead Kennedys,37c78aeb-d196-42b5-b991-6afb4fc9bc2e,"Plastic Surgery Disasters/In God We Trust, Inc.",18d1c89e-a512-4012-8231-b98f3a72f568,Kepone Factory,5574512e-149c-4084-b61e-9c2c6c24f5a8,1697654746,2023-10-18 20:45:46,7536uhNfDaaBShMn5SFjrS,0.442,0.975,0.128,0.000888,0.0,0.0627,0.399,89.783,78925,4,7,-3.924,1
Dead Kennedys,37c78aeb-d196-42b5-b991-6afb4fc9bc2e,"Plastic Surgery Disasters/In God We Trust, Inc.",18d1c89e-a512-4012-8231-b98f3a72f568,Hyperactive Child,04b97944-f094-3e2c-9f0b-197d17622e99,1697654709,2023-10-18 20:45:09,3WO1WRUC3Jj93vAAXbHglN,0.332,0.939,0.199,0.0102,0.0,0.399,0.744,80.092,37314,3,5,-4.019,1
Dead Kennedys,37c78aeb-d196-42b5-b991-6afb4fc9bc2e,"Plastic Surgery Disasters/In God We Trust, Inc.",18d1c89e-a512-4012-8231-b98f3a72f568,Moral Majority,31d18269-2e88-3548-812c-4ee4a55da2c5,1697654594,2023-10-18 20:43:14,6GuhvbkqEcvCp2sSqf5v62,0.297,0.903,0.503,0.0222,3.06e-06,0.138,0.0878,157.676,115496,4,2,-6.575,1
Dead Kennedys,37c78aeb-d196-42b5-b991-6afb4fc9bc2e,"Plastic Surgery Disasters/In God We Trust, Inc.",18d1c89e-a512-4012-8231-b98f3a72f568,Religious Vomit,034ba75f-573d-31b4-ac5a-a223bec1d4ba,1697654529,2023-10-18 20:42:09,7HyRIs3Ha53ExrEf2fTZyp,0.437,0.951,0.0924,0.000195,0.0,0.0703,0.718,105.046,64482,4,10,-3.686,0
Dead Kennedys,37c78aeb-d196-42b5-b991-6afb4fc9bc2e,"Plastic Surgery Disasters/In God We Trust, Inc.",18d1c89e-a512-4012-8231-b98f3a72f568,Moon Over Marin,4299b61d-e905-456b-a2eb-2f64010f37a6,1697654262,2023-10-18 20:37:42,2GhSbuIKbpS3XJ7wnWgz1B,0.249,0.869,0.0432,2.72e-05,2.79e-05,0.0849,0.354,158.453,223853,4,11,-4.619,0
Dead Kennedys,37c78aeb-d196-42b5-b991-6afb4fc9bc2e,"Plastic Surgery Disasters/In God We Trust, Inc.",18d1c89e-a512-4012-8231-b98f3a72f568,Dead End,064aabc7-1891-4dd7-a60e-7737125f7362,1697654025,2023-10-18 20:33:45,3jq1CCK2IEHLjIHKgmK9f8,0.235,0.946,0.0535,6.65e-05,0.0,0.113,0.403,175.007,236286,4,11,-5.391,0
Dead Kennedys,37c78aeb-d196-42b5-b991-6afb4fc9bc2e,"Plastic Surgery Disasters/In God We Trust, Inc.",18d1c89e-a512-4012-8231-b98f3a72f568,I Am the Owl,13150d33-f1c3-35f9-8f96-1cba2b59b926,1697653733,2023-10-18 20:28:53,3bHhViIaKeurKFeax57Fio,0.499,0.819,0.0703,0.000162,0.0196,0.0978,0.609,82.203,291968,4,7,-6.713,1
Dead Kennedys,37c78aeb-d196-42b5-b991-6afb4fc9bc2e,"Plastic Surgery Disasters/In God We Trust, Inc.",18d1c89e-a512-4012-8231-b98f3a72f568,Bleed for Me,66be71cb-8661-45db-8e41-7df6095b6ba6,1697653528,2023-10-18 20:25:28,3AbYQi11L5RDO9QY6EjgOG,0.289,0.962,0.129,0.000194,7.77e-05,0.0946,0.118,102.594,204916,4,9,-5.647,1
Dead Kennedys,37c78aeb-d196-42b5-b991-6afb4fc9bc2e,"Plastic Surgery Disasters/In God We Trust, Inc.",18d1c89e-a512-4012-8231-b98f3a72f568,Riot,87003377-8091-4522-bf99-cf56baafc6c4,1697653171,2023-10-18 20:19:31,1aCf2VZNBccqLAJgzusAdx,0.345,0.96,0.381,0.0133,5.01e-06,0.089,0.074,135.461,357494,4,4,-6.295,1
Dead Kennedys,37c78aeb-d196-42b5-b991-6afb4fc9bc2e,"Plastic Surgery Disasters/In God We Trust, Inc.",18d1c89e-a512-4012-8231-b98f3a72f568,Winnebago Warrior,00b09e3d-4349-4901-9992-34d981107a98,1697653042,2023-10-18 20:17:22,5LcCtjR8QLtoNecXfEt38w,0.463,0.975,0.14,0.000161,0.0,0.0567,0.498,134.129,128615,4,1,-5.614,0
Dead Kennedys,37c78aeb-d196-42b5-b991-6afb4fc9bc2e,"Plastic Surgery Disasters/In God We Trust, Inc.",18d1c89e-a512-4012-8231-b98f3a72f568,Halloween,0f856960-5f52-3ca2-b7b6-e65026f6acd9,1697652827,2023-10-18 20:13:47,4QL6epCx6rlUbDG4TF3sj9,0.236,0.964,0.0935,0.00115,1.93e-06,0.125,0.764,185.157,215179,4,0,-4.993,1
Dead Kennedys,37c78aeb-d196-42b5-b991-6afb4fc9bc2e,"Plastic Surgery Disasters/In God We Trust, Inc.",18d1c89e-a512-4012-8231-b98f3a72f568,Forest Fire,91a1c487-3b26-420f-a22f-5a638c35f853,1697652684,2023-10-18 20:11:24,7q3QfGCZGFTsOuDan8QS0Q,0.27,0.978,0.201,0.000162,0.0,0.15,0.419,141.692,142965,4,1,-4.823,0
Dead Kennedys,37c78aeb-d196-42b5-b991-6afb4fc9bc2e,"Plastic Surgery Disasters/In God We Trust, Inc.",18d1c89e-a512-4012-8231-b98f3a72f568,Buzzbomb,19612932-2a7b-48ef-8fea-babfb4775677,1697652542,2023-10-18 20:09:02,5TGDbGkn5hWchbPmsEec0H,0.314,0.982,0.112,0.000122,0.0,0.237,0.486,139.931,141804,4,11,-4.756,0
Dead Kennedys,37c78aeb-d196-42b5-b991-6afb4fc9bc2e,"Plastic Surgery Disasters/In God We Trust, Inc.",18d1c89e-a512-4012-8231-b98f3a72f568,Well Paid Scientist,04115afc-96dc-4823-90aa-2c9c90bef4e0,1697649822,2023-10-18 19:23:42,2kTFSkDlGLE48WTHJ9BJ3o,0.239,0.938,0.151,0.000511,7.07e-06,0.123,0.351,53.065,142013,4,2,-5.119,1
Dead Kennedys,37c78aeb-d196-42b5-b991-6afb4fc9bc2e,"Plastic Surgery Disasters/In God We Trust, Inc.",18d1c89e-a512-4012-8231-b98f3a72f568,Trust Your Mechanic,873b0b7a-d8ba-456c-a994-ad98b4358aab,1697649645,2023-10-18 19:20:45,2hvR3XzdUoSnoREtyTVnQx,0.276,0.893,0.435,0.000879,0.0,0.212,0.332,180.075,175589,4,10,-6.355,1
Dead Kennedys,37c78aeb-d196-42b5-b991-6afb4fc9bc2e,"Plastic Surgery Disasters/In God We Trust, Inc.",18d1c89e-a512-4012-8231-b98f3a72f568,Terminal Preppie,3c44fccb-8f9c-33f5-96c3-131e411e2aa3,1697649555,2023-10-18 19:19:15,4J4EEk6I0JSfg2b3y1gYwc,0.359,0.988,0.216,0.00527,0.0,0.109,0.543,114.62,90302,4,5,-5.431,0
Dead Kennedys,37c78aeb-d196-42b5-b991-6afb4fc9bc2e,"Plastic Surgery Disasters/In God We Trust, Inc.",18d1c89e-a512-4012-8231-b98f3a72f568,Government Flu,0316205b-5509-3941-9c97-6b6dba787044,1697649433,2023-10-18 19:17:13,1PuMbKR2PHJ5jWW5aj1KzX,0.299,0.996,0.166,5.35e-05,0.0,0.402,0.155,140.714,124041,4,2,-4.905,1
Dead Kennedys,37c78aeb-d196-42b5-b991-6afb4fc9bc2e,"Plastic Surgery Disasters/In God We Trust, Inc.",18d1c89e-a512-4012-8231-b98f3a72f568,Advice From Christmas Past,25788613-0bb5-3583-9ab7-88557734689d,1697649372,2023-10-18 19:16:12,3DsZdGFd1FK0ESdya8qcxK,0.19,0.993,0.181,0.201,0.0,0.547,0.102,146.334,55287,5,2,-9.731,1
The Doors,9efff43b-3b29-4082-824e-bc82f646f93d,Waiting for the Sun,000c6877-99c6-4450-a389-a6574e21517e,Love Street,068a9197-6322-3885-b18e-c62a91b1de62,1697649179,2023-10-18 19:12:59,5Q2Im8o4RthlAMkvUMYwGj,0.709,0.305,0.0397,0.687,0.0,0.265,0.483,118.821,169533,4,9,-14.809,0
Girl Talk,,Night Ripper,44fe85ee-f511-4c89-a156-3e9ed1ce1f5c,That's My DJ,01352ec8-ba59-30b1-bbe0-380893bbfaf6,1697649034,2023-10-18 19:10:34,1M1zcBJY235Pr5VonqiHpD,0.846,0.838,0.108,0.0497,0.000648,0.102,0.878,89.954,128053,4,11,-6.765,1
Weezer,6fe07aa5-fec0-4eca-a456-f29bff451b04,Weezer,039f5a32-73c2-4951-aa81-8885c432bb3b,Surf Wax America,09eb064b-bb9d-4c48-a3ae-9cd1185c1f72,1697648848,2023-10-18 19:07:28,1w8gsT5RBrFfTrLYhDRJIk,0.405,0.916,0.0953,0.000345,0.172,0.274,0.332,164.961,186440,4,6,-7.557,1
SEGA Sound Team,,SONIC HEROES Original Soundtrack (20th Anniversary Edition),,Stage 11: Hang Castle,,1697637878,2023-10-18 16:04:38,0DmdPESkkeZ1Y5foB2z0qm,0.676,0.867,0.0263,0.154,0.354,0.105,0.913,120.026,283333,4,4,-7.412,0
Beastie Boys,9beb62b2-88db-4cea-801e-162cd344ee53,Ill Communication,04a3a4c8-7b0d-4751-b050-1a9cc789ad35,Sure Shot,82533ba8-00f9-4c87-bb74-bde769137d9b,1697637539,2023-10-18 15:58:59,21REQ1bCUWphT2QK3bLWYQ,0.692,0.799,0.164,0.388,0.0,0.301,0.549,97.978,199667,4,1,-7.924,1
MF DOOM,188711ed-c99b-439c-844a-ca831f63a727,Operation: Doomsday (Complete),,Go With The Flow,76203ae5-dcd7-3a75-81fa-cd2148a4a598,1697637323,2023-10-18 15:55:23,3pUcJxFI2wjhqmNGNIvunD,0.787,0.699,0.267,0.102,8.74e-06,0.319,0.601,94.271,216920,4,7,-7.243,1
JPEGMAFIA,c42e60f4-4520-4954-b6e4-82bbdf532c11,SCARING THE HOES,,HOE (Heaven on Earth),,1697637110,2023-10-18 15:51:50,4vL0V5MjU3Y1syYtajWW4f,0.473,0.79,0.361,0.402,1.3e-06,0.365,0.68,100.082,203468,3,11,-3.29,1
JPEGMAFIA,c42e60f4-4520-4954-b6e4-82bbdf532c11,SCARING THE HOES,,Where Ya Get Ya Coke From?,,1697633922,2023-10-18 14:58:42,6XITRM4V1hVSQXw62diAoj,0.529,0.923,0.434,0.164,0.0,0.397,0.739,102.046,177549,4,7,-4.424,1
JPEGMAFIA,c42e60f4-4520-4954-b6e4-82bbdf532c11,SCARING THE HOES,,HOE (Heaven on Earth),,1697633718,2023-10-18 14:55:18,4vL0V5MjU3Y1syYtajWW4f,0.473,0.79,0.361,0.402,1.3e-06,0.365,0.68,100.082,203468,3,11,-3.29,1
JPEGMAFIA,c42e60f4-4520-4954-b6e4-82bbdf532c11,SCARING THE HOES,,Jack Harlow Combo Meal,,1697633580,2023-10-18 14:53:00,3nYRRPC3un32wq7bbHDitX,0.609,0.963,0.326,0.124,0.0,0.0757,0.465,136.96,138921,4,5,-1.313,0
JPEGMAFIA,c42e60f4-4520-4954-b6e4-82bbdf532c11,SCARING THE HOES,,God Loves You,,1697633419,2023-10-18 14:50:19,7y2EELtWhCaDU9A0vOYVHv,0.453,0.976,0.466,0.011,0.0,0.745,0.684,124.948,148533,4,1,1.325,1
JPEGMAFIA,c42e60f4-4520-4954-b6e4-82bbdf532c11,SCARING THE HOES,,Kingdom Hearts Key (ft. redveil),adbe532a-1d91-485d-9fab-9d9b3a32a570,1697633214,2023-10-18 14:46:54,0VA5FzFlysCcSG1IdOkhUb,0.343,0.946,0.183,0.0722,0.0,0.321,0.357,135.647,205520,4,6,-1.383,1
JPEGMAFIA,c42e60f4-4520-4954-b6e4-82bbdf532c11,SCARING THE HOES,,Orange Juice Jones,,1697633073,2023-10-18 14:44:33,6kRjMNfcKqzZIM46JiIEgZ,0.609,0.938,0.271,0.395,0.0,0.644,0.888,150.469,140800,4,6,-0.171,1
JPEGMAFIA,c42e60f4-4520-4954-b6e4-82bbdf532c11,SCARING THE HOES,,Shut Yo Bitch Ass Up / Muddy Waters,,1697632898,2023-10-18 14:41:38,2eZuFG3KSALN1BowCuSB1A,0.471,0.939,0.396,0.0134,5.3e-06,0.359,0.724,88.117,174700,4,1,-3.456,1
JPEGMAFIA,c42e60f4-4520-4954-b6e4-82bbdf532c11,SCARING THE HOES,,Burfict!,,1697632757,2023-10-18 14:39:17,5IZpEuLMO5lEmN1Rr008p8,0.592,0.976,0.378,0.134,0.0,0.122,0.749,137.864,141031,4,4,2.383,1
JPEGMAFIA,c42e60f4-4520-4954-b6e4-82bbdf532c11,SCARING THE HOES,,Fentanyl Tester,,1697632599,2023-10-18 14:36:39,4pfhCrRk6P2tMU2D0Mb2z5,0.721,0.963,0.377,0.318,0.0,0.917,0.868,158.563,157410,4,0,0.551,1
JPEGMAFIA,c42e60f4-4520-4954-b6e4-82bbdf532c11,SCARING THE HOES,,Garbage Pale Kids,,1697632431,2023-10-18 14:33:51,73pz1RTwUBpKO286c9zhzT,0.635,0.964,0.349,0.131,0.0,0.128,0.734,78.454,168107,4,1,1.665,1
JPEGMAFIA,c42e60f4-4520-4954-b6e4-82bbdf532c11,SCARING THE HOES,,Scaring The Hoes,,1697632288,2023-10-18 14:31:28,5L0QxWi5Jo4gjw4yHR0kP1,0.552,0.996,0.103,0.244,2.8e-06,0.362,0.689,133.058,142842,4,7,2.343,1
JPEGMAFIA,c42e60f4-4520-4954-b6e4-82bbdf532c11,SCARING THE HOES,,Steppa Pig,,1697632080,2023-10-18 14:28:00,0LLKhrm54tp36K2MbgBfAA,0.663,0.952,0.325,0.225,0.0,0.104,0.839,148.998,207785,4,5,0.224,0
JPEGMAFIA,c42e60f4-4520-4954-b6e4-82bbdf532c11,SCARING THE HOES,,Lean Beef Patty,,1697631974,2023-10-18 14:26:14,3FsqOTQT3d7c296eStnEnl,0.487,0.964,0.404,0.169,0.0,0.338,0.738,157.08,107567,4,4,-1.582,0
Caroline Polachek,d8f43dc5-4613-48ac-8c23-a62b82f8c67a,Dang,488b9b62-e082-4087-a4e9-97636563a020,Dang,e8ff37c7-1b27-404a-9dfe-4ab0b596c963,1697631788,2023-10-18 14:23:08,7ddHGUPt5bOpVFAtX6TJN8,0.815,0.39,0.0597,0.0194,0.175,0.377,0.522,134.992,165475,4,1,-7.054,1
Dead Kennedys,37c78aeb-d196-42b5-b991-6afb4fc9bc2e,"Plastic Surgery Disasters/In God We Trust, Inc.",18d1c89e-a512-4012-8231-b98f3a72f568,Halloween,0f856960-5f52-3ca2-b7b6-e65026f6acd9,1697631513,2023-10-18 14:18:33,4QL6epCx6rlUbDG4TF3sj9,0.236,0.964,0.0935,0.00115,1.93e-06,0.125,0.764,185.157,215179,4,0,-4.993,1
Dead Kennedys,37c78aeb-d196-42b5-b991-6afb4fc9bc2e,"Plastic Surgery Disasters/In God We Trust, Inc.",18d1c89e-a512-4012-8231-b98f3a72f568,Forest Fire,91a1c487-3b26-420f-a22f-5a638c35f853,1697631372,2023-10-18 14:16:12,7q3QfGCZGFTsOuDan8QS0Q,0.27,0.978,0.201,0.000162,0.0,0.15,0.419,141.692,142965,4,1,-4.823,0
Dead Kennedys,37c78aeb-d196-42b5-b991-6afb4fc9bc2e,"Plastic Surgery Disasters/In God We Trust, Inc.",18d1c89e-a512-4012-8231-b98f3a72f568,Terminal Preppie,3c44fccb-8f9c-33f5-96c3-131e411e2aa3,1697631272,2023-10-18 14:14:32,4J4EEk6I0JSfg2b3y1gYwc,0.359,0.988,0.216,0.00527,0.0,0.109,0.543,114.62,90302,4,5,-5.431,0
Dead Kennedys,37c78aeb-d196-42b5-b991-6afb4fc9bc2e,Fresh Fruit for Rotting Vegetables,038d3b87-705d-3a2c-8f4a-e8cee042b9ea,Viva Las Vegas,006f5812-ccf2-3b12-bd3a-44c745f2af85,1697630609,2023-10-18 14:03:29,3cFstfrvlhDTF7QwNnJaSn,0.343,0.96,0.0755,0.103,7.65e-05,0.0523,0.738,150.705,162293,4,9,-5.154,1
Rocket Juice & The Moon,,Rocket Juice & the Moon,7de318b2-a34e-4da1-b989-b3182e128b81,Poison,476947d9-17f5-409f-b43b-e6b21a30b452,1697629695,2023-10-18 13:48:15,1KuPzt1Somo20P6fGHIMlv,0.574,0.44,0.0491,0.0735,1.45e-05,0.324,0.562,168.677,204242,4,6,-9.917,0
The Chemical Brothers,1946a82a-f927-40c2-8235-38d64f50d043,Got To Keep On,1c6db635-69f7-433b-b204-903727d894b8,Got To Keep On,0c9bc9a5-25de-4147-9646-e1bcefdf9a11,1697629324,2023-10-18 13:42:04,4vh6Rn6FVG4w79JmlZ5p7d,0.721,0.867,0.0528,0.048,0.125,0.0828,0.917,125.005,316680,4,6,-6.209,0
Frost Children,,FLATLINE,e012cff3-075c-48de-a845-d9d211d2484a,FLATLINE,,1697629099,2023-10-18 13:38:19,0i2RbagsiSkoYlyVyY06mj,0.853,0.507,0.395,0.0135,0.00112,0.1,0.611,128.011,225884,4,7,-7.263,1
Beastie Boys,9beb62b2-88db-4cea-801e-162cd344ee53,Paul's Boutique (20th Anniversary Edition / Remastered),,Hey Ladies,03cc8612-0a03-416f-9b49-cde52cfd8762,1697623214,2023-10-18 12:00:14,5ulZo7nk3MByXLvja3NCAc,0.949,0.728,0.211,0.286,0.0,0.0465,0.795,101.718,227773,4,1,-10.653,1
LCD Soundsystem,2aaf7396-6ab8-40f3-9776-a41c42c8e26b,Sound of Silver,21d098df-8327-3503-97e6-22bea515520e,Us v Them,04177a38-752a-4909-9af3-9b2192d91f17,1697620043,2023-10-18 11:07:23,6shyEhv7EqbnL2ZGcMdaHo,0.72,0.914,0.0462,0.00128,0.69,0.0762,0.716,132.469,509733,4,7,-6.07,1
Hot Chocolate,a749130e-c2d8-4a7c-b740-908ea4574961,Everyone's a Winner,,Every 1's a Winner,46d5cc02-87f5-3052-845f-97d940a25255,1697619650,2023-10-18 11:00:50,1DdIcvg2SZ3C8INMoEoHzR,0.721,0.539,0.0293,0.0584,0.528,0.136,0.929,107.845,289093,4,10,-7.36,1
The Clash,,London Calling (Remastered),,Rudie Can't Fail - Remastered,,1697577208,2023-10-17 23:13:28,4W9zZsQKsqikYbKM9vcN5Q,0.636,0.684,0.0596,0.00312,0.0,0.0402,0.684,96.989,208867,4,6,-9.37,0
Pink Floyd,83d91898-7763-47d7-b03b-b92132375c47,A Collection of Great Dance Songs,02b0e527-7156-4f86-ac3a-a1787606737e,Another Brick In The Wall - 2001 Remastered Version,,1697561087,2023-10-17 18:44:47,7pmNNEJcBcODkrPHEIf7Cy,0.697,0.46,0.0315,0.0619,0.000591,0.0884,0.783,103.909,241200,4,0,-12.333,1
Pink Floyd,83d91898-7763-47d7-b03b-b92132375c47,A Collection of Great Dance Songs,02b0e527-7156-4f86-ac3a-a1787606737e,Another Brick In The Wall - 2001 Remastered Version,,1697557121,2023-10-17 17:38:41,7pmNNEJcBcODkrPHEIf7Cy,0.697,0.46,0.0315,0.0619,0.000591,0.0884,0.783,103.909,241200,4,0,-12.333,1
Creedence Clearwater Revival,109958eb-a335-4c5e-907e-597ff4c6af46,Cosmo's Factory (Expanded Edition),,Who'll Stop the Rain,,1697557108,2023-10-17 17:38:28,3Bh6uInhcVBVvLraGZdkKD,0.598,0.797,0.0332,0.0424,0.000407,0.0717,0.622,123.566,147493,4,7,-6.793,1
Goldfinger,87fc1871-b74e-4bf5-a00d-8a89c288008b,Hang-Ups,11cd66a6-9168-4c43-97ab-5fcb057372e6,Superman,0157a06e-1b67-42b5-90e6-e0110a7dbb66,1697556960,2023-10-17 17:36:00,4X3qGigyU6ARi3HP4lWD95,0.429,0.937,0.0573,0.000131,0.0002,0.0807,0.894,194.838,185027,4,2,-3.986,1
